{"files":{"src\\main\\resources\\static\\test.html":{"frameworks":["app","pg.svg.lib"]},"src\\main\\resources\\static\\index.html":{"frameworks":["pg.svg.lib"]}},"open-pages":["src/main/resources/static/test.html","src/main/resources/static/courses.html"],"urls":{"src/main/resources/static/course.html":{"open-with-wrapper":false},"src/main/resources/static/test.html":{"open-with-wrapper":false,"open-page-views":[{"w":1890,"h":0}]},"src/main/resources/static/index.html":{"open-with-wrapper":false},"src/main/resources/static/courses.html":{"open-with-wrapper":false}},"breakpoints":["720px"],"frameworks":["pg.svg.lib"]}