{"files":{"src\\main\\resources\\static\\course.html":{"frameworks":["app","pg.svg.lib"]},"src\\main\\resources\\static\\index.html":{"frameworks":["app","pg.svg.lib"]}},"open-pages":["src/main/resources/static/index.html"],"urls":{"src/main/resources/static/course.html":{"open-with-wrapper":false,"open-page-views":[{"w":1024,"h":0}]},"src/main/resources/static/index.html":{"open-with-wrapper":false,"open-page-views":[{"w":1920,"h":1080}]},"src/main/resources/static/courses.html":{"open-with-wrapper":false}},"breakpoints":[],"frameworks":["app","pg.svg.lib"]}